"id","user_posted","name","description","date_posted","photos","url","quoted_post","tagged_users","replies","reposts","likes","views","external_url","hashtags","followers","biography","posts_count","profile_image_link","following","is_verified","quotes","bookmarks","parent_post_details","external_image_urls","videos","external_video_urls","verification_type","user_id","context_added","timestamp","input","discovery_input","error","error_code","warning","warning_code"
,,,,,,,,,,,,,,,,,,,,,,,,,,,,,,"2025-07-24T02:24:11.865Z","{""url"":""https://x.com/search?q=From%20the%20river%20to%20the%20sea%20%20until%3A2023-10-06&src=typed_query&f=top"",""start_date"":"""",""end_date"":""""}",,,,"This account doesn’t exist","dead_page"
,,,,,,,,,,,,,,,,,,,,,,,,,,,,,,"2025-07-24T02:24:11.880Z","{""url"":""https://x.com/search?q=Isnotreal%20until%3A2023-10-06&src=typed_query&f=top"",""start_date"":"""",""end_date"":""""}",,,,"This account doesn’t exist","dead_page"
,,,,,,,,,,,,,,,,,,,,,,,,,,,,,,"2025-07-24T02:24:11.920Z","{""url"":""https://x.com/search?q=Colonialism%20%20%20until%3A2023-10-06&src=typed_query&f=top"",""start_date"":"""",""end_date"":""""}",,,,"This account doesn’t exist","dead_page"
,,,,,,,,,,,,,,,,,,,,,,,,,,,,,,"2025-07-24T02:24:11.946Z","{""url"":""https://x.com/search?q=Genocide%20%20until%3A2023-10-06&src=typed_query&f=top"",""start_date"":"""",""end_date"":""""}",,,,"This account doesn’t exist","dead_page"
,,,,,,,,,,,,,,,,,,,,,,,,,,,,,,"2025-07-24T02:24:11.960Z","{""url"":""https://x.com/search?q=Isnotreal%20since%3A2023-10-06&src=typed_query&f=top"",""start_date"":"""",""end_date"":""""}",,,,"This account doesn’t exist","dead_page"
,,,,,,,,,,,,,,,,,,,,,,,,,,,,,,"2025-07-24T02:24:11.970Z","{""url"":""https://x.com/search?q=Genocide%20%20since%3A2023-10-06&src=typed_query&f=top"",""start_date"":"""",""end_date"":""""}",,,,"This account doesn’t exist","dead_page"
,,,,,,,,,,,,,,,,,,,,,,,,,,,,,,"2025-07-24T02:24:11.989Z","{""url"":""https://x.com/search?q=IDF%20since%3A2023-10-07&src=typed_query"",""start_date"":"""",""end_date"":""""}",,,,"This account doesn’t exist","dead_page"
,,,,,,,,,,,,,,,,,,,,,,,,,,,,,,"2025-07-24T02:24:11.999Z","{""url"":""https://x.com/search?q=Settler%20%20%20since%3A2023-10-06&src=typed_query&f=top"",""start_date"":"""",""end_date"":""""}",,,,"This account doesn’t exist","dead_page"
,,,,,,,,,,,,,,,,,,,,,,,,,,,,,,"2025-07-24T02:24:12.003Z","{""url"":""https://x.com/search?f=top&q=Israhell%20%20since%3A2023-10-07&src=typed_query"",""start_date"":"""",""end_date"":""""}",,,,"This account doesn’t exist","dead_page"
,,,,,,,,,,,,,,,,,,,,,,,,,,,,,,"2025-07-24T02:24:12.020Z","{""url"":""https://x.com/search?q=Colonialism%20%20%20since%3A2023-10-06&src=typed_query&f=top"",""start_date"":"""",""end_date"":""""}",,,,"This account doesn’t exist","dead_page"
,,,,,,,,,,,,,,,,,,,,,,,,,,,,,,"2025-07-24T02:24:12.044Z","{""url"":""https://x.com/search?q=Colonizer%20%20%20until%3A2023-10-06&src=typed_query&f=top"",""start_date"":"""",""end_date"":""""}",,,,"This account doesn’t exist","dead_page"
,,,,,,,,,,,,,,,,,,,,,,,,,,,,,,"2025-07-24T02:24:12.071Z","{""url"":""https://x.com/search?q=Settler%20%20%20until%3A2023-10-06&src=typed_query&f=top"",""start_date"":"""",""end_date"":""""}",,,,"This account doesn’t exist","dead_page"
,,,,,,,,,,,,,,,,,,,,,,,,,,,,,,"2025-07-24T02:24:12.140Z","{""url"":""https://x.com/search?q=From%20the%20river%20to%20the%20sea%20%20since%3A2023-10-06&src=typed_query&f=top"",""start_date"":"""",""end_date"":""""}",,,,"This account doesn’t exist","dead_page"
,,,,,,,,,,,,,,,,,,,,,,,,,,,,,,"2025-07-24T02:24:12.148Z","{""url"":""https://x.com/search?q=Colonizer%20%20since%3A2023-10-06&src=typed_query&f=top"",""start_date"":"""",""end_date"":""""}",,,,"This account doesn’t exist","dead_page"
,,,,,,,,,,,,,,,,,,,,,,,,,,,,,,"2025-07-24T02:24:12.214Z","{""url"":""https://x.com/search?f=top&q=Israhell%20until%3A2023-10-06&src=typed_query"",""start_date"":"""",""end_date"":""""}",,,,"This account doesn’t exist","dead_page"
,,,,,,,,,,,,,,,,,,,,,,,,,,,,,,"2025-07-24T02:24:12.606Z","{""url"":""https://x.com/search?q=IOC%20since%3A2023-10-06&src=typed_query&f=top"",""start_date"":"""",""end_date"":""""}",,,,"This account doesn’t exist","dead_page"
,,,,,,,,,,,,,,,,,,,,,,,,,,,,,,"2025-07-24T02:24:12.847Z","{""url"":""https://x.com/search?q=Liberation%20%20since%3A2023-10-06&src=typed_query&f=top"",""start_date"":"""",""end_date"":""""}",,,,"This account doesn’t exist","dead_page"
,,,,,,,,,,,,,,,,,,,,,,,,,,,,,,"2025-07-24T02:24:12.850Z","{""url"":""https://x.com/search?q=Nazi%20%20%20since%3A2023-10-06&src=typed_query&f=top"",""start_date"":"""",""end_date"":""""}",,,,"This account doesn’t exist","dead_page"
,,,,,,,,,,,,,,,,,,,,,,,,,,,,,,"2025-07-24T02:24:12.872Z","{""url"":""https://x.com/search?q=Israel%20%20%20%20since%3A2023-10-06&src=typed_query&f=top"",""start_date"":"""",""end_date"":""""}",,,,"This account doesn’t exist","dead_page"
,,,,,,,,,,,,,,,,,,,,,,,,,,,,,,"2025-07-24T02:24:12.886Z","{""url"":""https://x.com/search?q=Jews%20%20%20%20until%3A2023-10-06&src=typed_query&f=top"",""start_date"":"""",""end_date"":""""}",,,,"This account doesn’t exist","dead_page"
,,,,,,,,,,,,,,,,,,,,,,,,,,,,,,"2025-07-24T02:24:12.935Z","{""url"":""https://x.com/search?q=Nazi%20%20%20until%3A2023-10-06&src=typed_query&f=top"",""start_date"":"""",""end_date"":""""}",,,,"This account doesn’t exist","dead_page"
,,,,,,,,,,,,,,,,,,,,,,,,,,,,,,"2025-07-24T02:24:12.935Z","{""url"":""https://x.com/search?q=Zionist%20%20since%3A2023-10-06&src=typed_query&f=top"",""start_date"":"""",""end_date"":""""}",,,,"This account doesn’t exist","dead_page"
,,,,,,,,,,,,,,,,,,,,,,,,,,,,,,"2025-07-24T02:24:12.938Z","{""url"":""https://x.com/search?q=Israel%20%20%20%20until%3A2023-10-06&src=typed_query&f=top"",""start_date"":"""",""end_date"":""""}",,,,"This account doesn’t exist","dead_page"
,,,,,,,,,,,,,,,,,,,,,,,,,,,,,,"2025-07-24T02:24:12.959Z","{""url"":""https://x.com/search?q=Jews%20%20%20%20since%3A2023-10-06&src=typed_query&f=top"",""start_date"":"""",""end_date"":""""}",,,,"This account doesn’t exist","dead_page"
,,,,,,,,,,,,,,,,,,,,,,,,,,,,,,"2025-07-24T02:24:13.019Z","{""url"":""https://x.com/search?q=Liberation%20%20until%3A2023-10-06&src=typed_query&f=top"",""start_date"":"""",""end_date"":""""}",,,,"This account doesn’t exist","dead_page"
,,,,,,,,,,,,,,,,,,,,,,,,,,,,,,"2025-07-24T02:24:13.070Z","{""url"":""https://x.com/search?q=Palestinian%20%20%20%20until%3A2023-10-06&src=typed_query&f=top"",""start_date"":"""",""end_date"":""""}",,,,"This account doesn’t exist","dead_page"
,,,,,,,,,,,,,,,,,,,,,,,,,,,,,,"2025-07-24T02:24:13.240Z","{""url"":""https://x.com/search?q=Palestinian%20%20%20%20since%3A2023-10-06&src=typed_query&f=top"",""start_date"":"""",""end_date"":""""}",,,,"This account doesn’t exist","dead_page"
,,,,,,,,,,,,,,,,,,,,,,,,,,,,,,"2025-07-24T02:24:13.978Z","{""url"":""https://x.com/search?q=Zionist%20%20until%3A2023-10-06&src=typed_query&f=top"",""start_date"":"""",""end_date"":""""}",,,,"This account doesn’t exist","dead_page"
