,text_id,Text,tweet_id,Username,date_posted,post_location,post_likes,post_views
0,1.766152270796731e+18,A picture showing aid drops and Israeli airstrikes targeting civilian areas in northern Gaza at the same time.,1.766152270796731e+18,OnlinePalEng,2024-03-08T17:21:29.000Z,,6906.0,4019513.0
1,1.7197091442177398e+18,A Palestinian father reunites with his children after surviving Israeli missiles targeted their home in the southern city of Khan Younis in Gaza.,1.7197091442177398e+18,OnlinePalEng,2023-11-01T13:33:05.000Z,,43838.0,6939317.0
2,1.9317524521533852e+18,"â€œWe carry no weapons - only solidarity, food, and medicine. We will not turn back. We stand with Gaza.â€",1.9317524521533852e+18,EyeonPalestine,2025-06-08T16:37:29.000Z,,27050.0,310425.0
3,1.7638761144123187e+18,"A young Libyan Mohamed Alnaas produced a boycott video delivering a clear message, urging people to boycott products that support Israeli apartheid.",1.7638761144123187e+18,OnlinePalEng,2024-03-02T10:36:51.000Z,,174171.0,17430961.0
4,1.7112080285050432e+18,This is a war crime: Israeli forces are using internationally prohibited white phosphorus on heavily populated districts in the north of Gaza.,1.7112080285050432e+18,OnlinePalEng,2023-10-09T02:32:41.000Z,,29911.0,2754772.0
5,1.7136661463967421e+18,Students at Harvard University stand in support of Gaza and its people.,1.7136661463967421e+18,OnlinePalEng,2023-10-15T21:20:22.000Z,,38034.0,1476305.0
6,1.9332198371210038e+18,"A child with special needs clears rubble from the remains of his homeWith a weary body and unbreakable determination, this child tries to remove the traces of bombing from the place that was once his refuge.His disability didn't stop him from standing amid the destruction-his humanity stood as a witness to a pain beyond words.In Gaza, even the most vulnerable are forced to be strong.Ø·ÙÙ„ Ù…Ù† Ø°ÙˆÙŠ Ø§Ù„Ø§Ø­ØªÙŠØ§Ø¬Ø§Øª Ø§Ù„Ø®Ø§ØµØ© ÙŠØ²ÙŠÙ„ Ø§Ù„Ø±ÙƒØ§Ù… Ù…Ù† Ø¨ÙŠÙ† Ø£Ù†Ù‚Ø§Ø¶ Ù…Ù†Ø²Ù„Ù‡ Ø¨Ø¬Ø³Ø¯Ù Ù…Ù†Ù‡Ùƒ ÙˆØ¹Ø²ÙŠÙ…Ø© Ù„Ø§ ØªÙ†ÙƒØ³Ø±ØŒ ÙŠØ­Ø§ÙˆÙ„ Ù‡Ø°Ø§ Ø§Ù„Ø·ÙÙ„ Ø£Ù† ÙŠØ²ÙŠÙ„ Ø¢Ø«Ø§Ø± Ø§Ù„Ù‚ØµÙ Ø¹Ù†Ø§Ù„Ù…ÙƒØ§Ù† Ø§Ù„Ø°ÙŠ ÙƒØ§Ù† ÙŠÙˆÙ…Ù‹Ø§ Ù…Ù„Ø¬Ø¢Ù‡.Ù„Ù… ØªÙ…Ù†Ø¹Ù‡ Ø¥Ø¹Ø§Ù‚ØªÙ‡ Ù…Ù† Ø§Ù„ÙˆÙ‚ÙˆÙ ÙˆØ³Ø· Ø§Ù„Ø±ÙƒØ§Ù…... Ø¨Ù„ ÙˆÙ‚ÙØª Ø¥Ù†Ø³Ø§Ù†ÙŠØªÙ‡ Ø´Ø§Ù‡Ø¯Ø© Ø¹Ù„Ù‰ÙˆØ¬Ø¹ Ù„Ø§ ÙŠØ±ÙˆÙ‰ØŒÙÙŠ ØºØ²Ø©ØŒ Ø­ØªÙ‰ Ø§Ù„Ø¶Ø¹ÙØ§Ø¡ Ù…Ø¬Ø¨Ø±ÙˆÙ† Ø£Ù† ÙŠÙƒÙˆÙ†ÙˆØ§ Ø£Ù‚ÙˆÙŠØ§Ø¡.",1.9332198371210038e+18,EyeonPalestine,2025-06-12T17:48:21.000Z,,15714.0,199245.0
7,1.9316596738720568e+18,Communication jam has begun. We are approx. 160 nautical miles away from Gaza. Help us to break the siege.,1.9316596738720568e+18,EyeonPalestine,2025-06-08T10:28:49.000Z,,71283.0,1106698.0
8,1.9308734226549274e+18,Eid al-Adha prayer from Gaza City,1.9308734226549274e+18,EyeonPalestine,2025-06-06T06:24:32.000Z,,33090.0,353526.0
9,1.7587571335987282e+18,Israel committed genocide in 1948Israel committed genocide in 1956Israel committed genocide in 1967Israel committed genocide in 1982Israel committed genocide in 2002Israel committed genocide in 2008Israel committed genocide in 2014Israel committed genocide in 2021Israel is currently committing genocide in 2023-24The same pain and the same killer!,1.7587571335987282e+18,OnlinePalEng,2024-02-17T07:35:51.000Z,,1908.0,60032.0
10,1.938658517738472e+18,"""Please, uncle... fill it for me, I beg you"" A little girl holds an empty pot, crying bitterly, pleading to have it filled with some food after being unable to push through the hungry crowd at the soup kitchen's door.In Gaza, even childhood is humiliated at the gates of mercy.""Ø¢Ù…Ø§Ù†Ø© ÙŠØ§Ø¹Ù…Ùˆ... Ø¹ÙØ¨Ù‘ÙŠÙ„ÙŠ Ø¢Ù…Ø§Ù†Ø©""Ø·ÙÙ„Ø© ØªØ­Ù…Ù„ Ù‚Ø¯Ø±Ù‹Ø§ ÙØ§Ø±ØºÙ‹Ø§ ÙˆØªØ¨ÙƒÙŠ Ø¨Ø­Ø±Ù‚Ø©ØŒ ØªØªÙˆØ³Ù‘Ù„ Ø£Ù† ÙŠÙÙ…Ù„Ø£ Ù„Ù‡Ø§ Ø¨Ø§Ù„Ù‚Ù„ÙŠÙ„ Ù…Ù† Ø§Ù„Ø·Ø¹Ø§Ù…ØŒØ¨Ø¹Ø¯Ù…Ø§ Ø¹Ø¬Ø²Øª Ø¹Ù† Ù…Ø²Ø§Ø­Ù…Ø© Ø§Ù„Ø¬ÙŠØ§Ø¹ Ø¹Ù†Ø¯ Ø¨Ø§Ø¨ Ø§Ù„ØªÙƒÙŠØ©.ÙÙŠ ØºØ²Ø©ØŒ Ø­ØªÙ‰ Ø§Ù„Ø·ÙÙˆÙ„Ø© ØªÙØ°Ù„Ù‘ Ø¹Ù„Ù‰ Ø£Ø¨ÙˆØ§Ø¨ Ø§Ù„Ø±Ø­Ù…Ø©.",1.938658517738472e+18,EyeonPalestine,2025-06-27T17:59:43.000Z,,19985.0,590234.0
11,1.9423313495680456e+18,"Pro-Palestine activists formed a human map of Palestine at Spainâ€™s San Fermin Festival, yesterday. Chants of â€œPalestine is not aloneâ€ bellowed through the streets.",1.9423313495680456e+18,EyeonPalestine,2025-07-07T21:14:15.000Z,,18320.0,581968.0
12,1.7495289156163584e+18,"Being there in your own quiet, but being there at your loudest!Heart-touching scenes showing deaf community taking part in a mass protest in Australia to demand an immediate ceasefire in Gaza.",1.7495289156163584e+18,OnlinePalEng,2024-01-22T20:26:12.000Z,,35107.0,1298605.0
13,1.9444259170920737e+18,We don't care what religion anyone is...or if they've one at all. We love all sound cunts. Smiling and signing bombs dropped to murder kids and other people's families just makes you a straight up cunt. Simple as. Free Palestine ğŸ‡µğŸ‡¸,1.9444259170920737e+18,KNEECAPCEOL,2025-07-13T15:57:18.000Z,,38251.0,1043392.0
14,1.9252204202502228e+18,"An American woman weeps over the plight of Gazaâ€™s children. â€œHow do you sleep while the children of Gaza are hungry? Please tell me what I can do Iâ€™m just a mother from Nevada. How can I help end the suffering in Gaza? Thousands are dying of hunger, children donâ€™t have milk.â€Ø³ÙŠØ¯Ø© Ø£Ù…Ø±ÙŠÙƒÙŠØ© ØªØ¨ÙƒÙŠ Ø¹Ù„Ù‰ Ø­Ø§Ù„ Ø£Ø·ÙØ§Ù„ ØºØ²Ø©:â€ÙƒÙŠÙ ØªÙ†Ø§Ù…ÙˆÙ† ÙˆØ£Ø·ÙØ§Ù„ ØºØ²Ø© Ø¬ÙŠØ§Ø¹ØŸ Ø£Ø±Ø¬ÙˆÙƒÙ… Ø£Ø®Ø¨Ø±ÙˆÙ†ÙŠ Ù…Ø§ Ø§Ù„Ø°ÙŠ ÙŠÙ…ÙƒÙ† Ø£Ù† Ø£ÙØ¹Ù„Ù‡ØŒ Ø£Ù†Ø§ Ù…Ø¬Ø±Ø¯ Ø£Ù… Ù…Ù† Ù†ÙŠÙØ§Ø¯Ø§ ÙƒÙŠÙ ÙŠÙ…ÙƒÙ†Ù†ÙŠ Ø§Ù„Ù…Ø³Ø§Ø¹Ø¯Ø© ÙÙŠ ÙˆÙ‚Ù Ù…Ø¹Ø§Ù†Ø§Ø© ØºØ²Ø©ØŸ Ù‡Ù†Ø§Ùƒ Ø§Ù„Ø¢Ù„Ø§Ù ÙŠÙ…ÙˆØªÙˆÙ† Ø¬ÙˆØ¹Ù‹Ø§ ÙˆØ£Ø·ÙØ§Ù„ Ù„Ø§ ÙŠÙ…Ù„ÙƒÙˆÙ† Ø§Ù„Ø­Ù„ÙŠØ¨ ÙˆÙ†Ø­Ù† Ù†Ø¹ÙŠØ´ Ø­ÙŠØ§ØªÙ†Ø§ Ø§Ù„Ø·Ø¨ÙŠØ¹ÙŠØ©â€.",1.9252204202502228e+18,EyeonPalestine,2025-05-21T16:01:31.000Z,,21967.0,214478.0
15,1.9395844933014735e+18,Artists at Glastonbury continue to use their platform to speak out against Israels genocide in Gaza.This was displayed by Fontaines DC during their set.,1.9395844933014735e+18,EyeonPalestine,2025-06-30T07:19:13.000Z,,36882.0,358530.0
16,1.9138544029363284e+18,The little kid Ahmed Hejazi (7) lost his sight during the war against Gaza.,1.9138544029363284e+18,EyeonPalestine,2025-04-20T07:17:02.000Z,,15597.0,221079.0
17,1.9416033750340078e+18,"Despite facing backlash, including the U.S. canceling the band's visas and condemnation from the UK government, renowned British duo Bob Vylan renewed their advocacy during a concert in Athens. In his speech, he addressed the distractions used against the cause and called on people to keep waving Palestinian flags and speaking on behalf of the Palestinian people.",1.9416033750340078e+18,EyeonPalestine,2025-07-05T21:01:32.000Z,,16919.0,96258.0
18,1.7511199006663803e+18,"Spotted in a pro-Palestine demonstration in Ottawa, Canada.",1.7511199006663803e+18,OnlinePalEng,2024-01-27T05:48:13.000Z,,112283.0,1535040.0
19,1.9091879145771502e+18,"The mother of the Palestinian-American Amer Rabea' (14) bids farewell to her son who was shot dead by the occupation forces in the village of Turmusayya, north of Ramallah.",1.9091879145771502e+18,EyeonPalestine,2025-04-07T10:14:04.000Z,,22861.0,244063.0
20,1.93913354717798e+18,me when they made fun of dexter at his first crime scene in original sin,1.93913354717798e+18,lTKlLLER,2025-06-29T01:27:19.000Z,,196.0,6259.0
21,1.7124606311005926e+18,A Palestinian man inspects the destruction of his house targeted by Israeli occupation warplanes in Gaza.,1.7124606311005926e+18,OnlinePalEng,2023-10-12T13:30:05.000Z,,49037.0,9622391.0
22,1.9313479357126454e+18,"Day 7 aboard The Madleen.We're 288 miles from Gaza, sailing with nothing but aid-while others send weapons.This is not a performance. This is a call to action.",1.9313479357126454e+18,EyeonPalestine,2025-06-07T13:50:05.000Z,,27856.0,300855.0
23,1.9211938848281846e+18,"BREAKING: We are disrupting Gal Gadot filming in London - a former soldier in the Israeli Occupation Forces - to demand justice for Palestine and accountability for the ongoing genocide carried out by the Israeli state.Gadot served in the IOF, an institution that has systematically brutalized, bombed, and displaced Palestinians for over 75 years. Her continued support for the Israeli military - even as it commits atrocities against civilians, including children - is not just harmful, it's shameful.This is not just about one celebrity. It's about the normalization of war crimes in pop culture. It's about red carpets and movie deals being handed to those who support systems of oppression.There can be no peace without justice.We will not stay silent while artists with global platforms support apartheid. We will not be polite while families are buried under rubble. Disruption is our duty.Your silence is violence. Your platform has consequences.",1.9211938848281846e+18,EyeonPalestine,2025-05-10T13:21:30.000Z,,17949.0,218705.0
24,1.943142894275056e+18,"In Gaza... a child sleeps amid the horrors of war, while his little cat clings to sleep beside him, seeking refuge from the buzzing drones and constant bombardment.",1.943142894275056e+18,EyeonPalestine,2025-07-10T02:59:02.000Z,,22073.0,257127.0
25,1.935351344350524e+18,"""Mo Charaâ€™s real problem is that the message he put out landed. Working-class people arenâ€™t meant to speak like this, organise like this, or connect struggles across borders like this. Thatâ€™s what scares them.While Mo Chara stands in the dock for allegedly waving a flag, those complicit in a genocide walk the streets untouched. Since October 2023, over 60,000 Palestinians have been killed in Gaza â€“ entire families erased, journalists targeted, children bombed in their beds.More than 300 officials at the Foreign Office raised their concerns about Israelâ€™s â€œstark â€¦ disregard for international lawâ€. And yet, the UK government continues to greenlight arms deals and offer diplomatic cover. Thatâ€™s not a performance. Thatâ€™s a conscious policy decision. Made in Westminster, paid for by the taxpayer, and buried beneath silence.Theyâ€™ve tried this before. Give Ireland Back to the Irish â€“ banned. Christy Moore â€“ detained. The Poguesâ€™ Streets of Sorrow â€“ silenced for decades. And now, it seems to be Mo Chara â€“ for turning protest into poetry, politics into art.So hereâ€™s the question â€“ the same one Pete Seeger asked, the same one Mo Chara asks now: Which side are you on?ğŸ‘‰https://t.co/qeb3usgoNl",1.935351344350524e+18,KNEECAPCEOL,2025-06-18T14:58:12.000Z,,19511.0,554168.0
26,1.9321654369694684e+18,"We have just received confirmation that all 12 volunteers from the 'Madleen' are currently at Ashdod Port. They are being processed and transferred into the custody of Israeli authorities. They are expected to be moved to the Ramleh detention facility unless they agree to leave immediately, in which case they may be permitted to fly out of Tel Aviv as early as tonight. We continue to demand the immediate release of all volunteers and the return of the stolen aid. Their detention is unlawful and a violation of international law.",1.9321654369694684e+18,EyeonPalestine,2025-06-09T19:58:32.000Z,,19596.0,741940.0
27,1.9437930937002025e+18,"Israel has murdered more starving  Palestinian civilians queuing for food from its ""distribution hubs"" (798) than the total number of Israeli civilians (695) killed on 7th October.On top of the 80,000 people (over 25,000 kids) it's already butchered.",1.9437930937002025e+18,KNEECAPCEOL,2025-07-11T22:02:42.000Z,,43936.0,854052.0
28,1.8451916099330217e+18,"Letâ€™s be crystal fucking clear: Mass rape has been perpetrated by one side, and one side only, over the last 7 decades in Palestine. And that side is Israel. Rape after rape after rape. Men, women and children. Fuck Israel and all Zionists still talking about October 7.",1.8451916099330217e+18,Remroum,2024-10-12T19:55:36.000Z,,22415.0,339768.0
29,1.9351130708434127e+18,Today 51 people were murdered trying to get flour from a US/Israeli company pretending to be a charity...Meanwhile tomorrow they will try label Mo Chara a terrorist.The whole world can see the deep evil of Israel and the UK government who arm and cheer them on.FREE PALESTINE,1.9351130708434127e+18,KNEECAPCEOL,2025-06-17T23:11:23.000Z,,20010.0,292823.0
30,1.8360978921820365e+18,"Just an fyi, Israel blew up a bunch of doctors, medical workers, teachers and children in Lebanon today. They targeted a brand of pager that wasnâ€™t exclusively held by Hezzbollah, and indiscriminately attacked civilians in the process. Israel will do anything to push regional war",1.8360978921820365e+18,Remroum,2024-09-17T17:40:25.000Z,,57105.0,1573225.0
31,1.9415918053355976e+18,@EvrybodynthrMom There is no 'war' happening in Gaza. There is no combat happening in Gaza.Only genocide,1.9415918053355976e+18,xIsraelExposedx,2025-07-05T20:15:34.000Z,,5105.0,153563.0
32,1.9385036269362386e+18,"""If you believe that what a satirical band who play characters on stage do is more outrageous than the murdering of innocent Palestinians, then you need to give your head a fucking wobble.â€We did a wee feature interview ahead of Glastonbury with the Guardian...ğŸ‘‰https://t.co/PyJg53j9E5",1.9385036269362386e+18,KNEECAPCEOL,2025-06-27T07:44:14.000Z,,15987.0,860598.0
33,1.818006301793735e+18,"Welcome to Israel, where sexual violence is democracy, genocide is self defense, and land theft is going home.",1.818006301793735e+18,Remroum,2024-07-29T19:30:53.000Z,,52956.0,1069393.0
34,1.9433095724348047e+18,"We've been banned from advertising on the London Tube.How petty can political policing and interference get... After using the tube to advertise loads of times for gigs, records and our movie, all without issue.The below poster has been rejected because: ""it is likely to cause widespread or serious offence to reasonable members of the public on account of the product or service being advertised, the content or design of the advertisement, or by way of implication.""Speak out against genocide and they'll use every single angle they can to silence you. Join the IOF, murder kids, fly to London and nothing happens - you'll be welcomed and applauded.",1.9433095724348047e+18,KNEECAPCEOL,2025-07-10T14:01:21.000Z,,17666.0,1274836.0
35,1.8930785260241884e+18,"It is obscenely racist and a form of genocide whitewashing to act like two dead Israeli children is earth shattering news while actively  ignoring or justifying the 20,000+ Palestinian children viciously and violently exterminated by the Israeli state",1.8930785260241884e+18,Remroum,2025-02-21T23:21:06.000Z,,34851.0,634487.0
36,1.9347826575080696e+18,@IDF Israel does nothing but spew propaganda 24/7,1.9347826575080696e+18,xIsraelExposedx,2025-06-17T01:18:26.000Z,,10696.0,68336.0
37,1.9389770660340086e+18,US Zionists: â€œFree Palestine makes me uncomfortableâ€Brits: â€œDeath death to the IDF!â€,1.9389770660340086e+18,Remroum,2025-06-28T15:05:31.000Z,,84051.0,1931387.0
38,1.8362107844283354e+18,Israel could livestream Palestinians being put into gas chambers and the State Department would say that they donâ€™t have enough information to comment and they are waiting on the results of an Israeli investigation,1.8362107844283354e+18,Remroum,2024-09-18T01:09:00.000Z,,47813.0,730822.0
39,1.9425278411422395e+18,@BBCWorld The BBC is an Israeli propaganda rag,1.9425278411422395e+18,xIsraelExposedx,2025-07-08T10:15:02.000Z,,10661.0,72552.0
40,1.9365310015824653e+18,"You know what's ""not appropriate"" Keir?! Arming a fucking genocide...Fuck The Sun and solidarity with Palestine Action. ğŸ‡µğŸ‡¸",1.9365310015824653e+18,KNEECAPCEOL,2025-06-21T21:05:44.000Z,,46254.0,829928.0
41,1.9404126476836047e+18,"The real reason Zionists &amp; Americans are having a meltdown on mainstream media about Mamdani, is because he refuses AIPAC money and holds war criminals accountable for their crimes.",1.9404126476836047e+18,xIsraelExposedx,2025-07-02T14:10:00.000Z,,7650.0,130316.0
42,1.9421880946877033e+18,"Anyone claiming that is was Netanyahu, Ben Gvir, or the Likud party to blame, is part of the Israeli psyop. Pay attention. The entire Israeli population, with the assisatnace of Israeli & western media, are complicit. They made sure the genocide would happen. They fought tooth and nail to extend the genocide as long as possible. They fought to gaslight us, to make us accept it. Never forget this.",1.9421880946877033e+18,xIsraelExposedx,2025-07-07T11:45:00.000Z,,6452.0,132244.0
43,1.9462732019416026e+18,When a dumb American content creator meets a Jewish genocide scholar. @normfinkelstein,1.9462732019416026e+18,xIsraelExposedx,2025-07-18T18:17:46.000Z,,5532.0,112042.0
44,1.8431239251710118e+18,"No one gives a fuck, you barbaric genociders",1.8431239251710118e+18,Remroum,2024-10-07T02:59:22.000Z,,84701.0,1766755.0
45,1.818442292484612e+18,"This is so cute. Btw, do you plan to report on Israelâ€™s rape camp or the fact that a wave of politicians have come out in support of the right to rape Palestinians?",1.818442292484612e+18,Remroum,2024-07-31T00:23:22.000Z,,19727.0,365685.0
46,1.934810827493708e+18,"Netanyahu says, â€œToday itâ€™s Tel Aviv, tomorrow itâ€™s New Yorkâ€Iran never attacked New York Gaza never attacked New York Lebanon never attacked New York Iraq never attacked New York Yemen never attacked New York Itâ€™s all lies to fuel genocide and mass death",1.934810827493708e+18,Remroum,2025-06-17T03:10:22.000Z,,61405.0,1125503.0
47,1.9320655940413074e+18,"Swedish activists are gathered now outside of the Swedish parliament to protest the kidnapping of the Freedom Flotilla activists, including Greta Thunberg, by the Israeli forces.",1.9320655940413074e+18,EyeonPalestine,2025-06-09T13:21:48.000Z,,17511.0,168431.0
48,1.9459287757257198e+18,"20 Israeli soldiers locked a 13 year old girl for 3 days, gang raping her to death. 'I saw fit to remove her from the world'Look up the 'Nirim Affair'https://t.co/PjTAeA77LRhttps://t.co/vbXsrIWhGK",1.9459287757257198e+18,xIsraelExposedx,2025-07-17T19:29:08.000Z,,6332.0,230021.0
49,1.8576439548307418e+18,"Israel is raping hostages to death. Repeat: Israeli is raping hostages to death. Plural. Let Israel burn, it has no business existing.",1.8576439548307418e+18,Remroum,2024-11-16T04:36:46.000Z,,40134.0,768080.0
50,1.8963862530269025e+18,There is no â€œIsraeli-Palestinian conflict.â€There is Israeli genocide. Israeli ethnic cleansing. Israeli home and village demolition. Israeli settler colonialism,1.8963862530269025e+18,Remroum,2025-03-03T02:24:50.000Z,,51093.0,1080683.0
51,1.8836869387561784e+18,Make Zionists feel unwelcome. Always. In all spaces.,1.8836869387561784e+18,Remroum,2025-01-27T01:22:18.000Z,,38712.0,4339711.0
52,1.9445586149220887e+18,@LeoTerrellDOJ You should be investigated for taking bribes from Israel.,1.9445586149220887e+18,xIsraelExposedx,2025-07-14T00:44:36.000Z,,4144.0,18118.0
53,1.9356002749465439e+18,Israelis discovered international law after bombing 36 hospitals in Gaza,1.9356002749465439e+18,Remroum,2025-06-19T07:27:21.000Z,,118419.0,4345611.0
54,1.815867448060486e+18,â€œAntisemitic riotersâ€Itâ€™s literally a bunch of Jewish folks calling for an end to genocide as they calmly chant in a circle,1.815867448060486e+18,Remroum,2024-07-23T21:51:51.000Z,,90897.0,1379477.0
55,1.8796384027710671e+18,"Boycott Israel. Sanction Israel. Divest from Israel. Refuse to perform in Israel. Arrest Israeli soldiers and war criminals. Genocide is not in the past. Genocide is not forgotten. Genocide is an active event. The land remains occupied, bulldozed, and collectively punished.",1.8796384027710671e+18,Remroum,2025-01-15T21:14:51.000Z,,13706.0,243815.0
56,1.9415390389111363e+18,Can any pro Israel person explain why Israel is blocking baby forumal from entering Gaza? ğŸ¤”,1.9415390389111363e+18,xIsraelExposedx,2025-07-05T16:45:53.000Z,,59876.0,2575681.0
57,1.9367880653992346e+18,Reporter asks Malcom x if he is antisemitic. He knew the nature of Israel.,1.9367880653992346e+18,xIsraelExposedx,2025-06-22T14:07:13.000Z,,33382.0,729434.0
58,1.9415007032494413e+18,"This weekend the IOF will murder hundreds of people, many of them kids, as they do every weekend. War crimes day after day.And the British government will arm them and smile...",1.9415007032494413e+18,KNEECAPCEOL,2025-07-05T14:13:33.000Z,,45988.0,1001065.0
59,1.9410028156161969e+18,"Fun fact: we have transfered over 8500 terabytes of war crimes footage to people, which is apparently 8.5 picobytes of data. This doesn't include torrents.  People are seeing the horror, that is for sure. Tomorrow we will release another 710 GB of war crimes footage, stay tuned",1.9410028156161969e+18,xIsraelExposedx,2025-07-04T05:15:07.000Z,,55059.0,2763338.0
60,1.9295720532516948e+18,Israel has murdered 220 journalists in Gaza and won't allow a single international journalist enter. Never believe one iota of information from Israel. This is the behaviour of a state with unspeakable crimes to hide.,1.9295720532516948e+18,KNEECAPCEOL,2025-06-02T16:13:21.000Z,,41691.0,630774.0
61,1.7520283159955046e+18,A brave child leads a pro-Palestine demonstration in New Zealand.,1.7520283159955046e+18,OnlinePalEng,2024-01-29T17:57:56.000Z,,32204.0,1968795.0
62,1.930941752799638e+18,Lovely to meet with representatives of the Palestinian community in Denmark this morning. ğŸ‡µğŸ‡¸,1.930941752799638e+18,KNEECAPCEOL,2025-06-06T10:56:03.000Z,,15755.0,206173.0
63,1.9418558268068086e+18,"Every single Israeli president has a fake name, and comes from some European country. @OwenShroyer1776 is noticing.@Breezy_Politics",1.9418558268068086e+18,xIsraelExposedx,2025-07-06T13:44:41.000Z,,20731.0,524335.0
64,1.937288630726247e+18,"It's now clear from the Israeli occupation forces own figures that they've murdered over 377,000 people so far in Gaza....That's more than 100 times the death toll in the North of Ireland over 30 years...they have slaughtered in 20 months. Unforgivable...the most evil regime on earth. FREE PALESTINE ğŸ‡µğŸ‡¸",1.937288630726247e+18,KNEECAPCEOL,2025-06-23T23:16:17.000Z,,42672.0,1187040.0
65,1.9224189574089482e+18,The first Palestinian streaming service. Show some love and sign up. So many incredible Palestinian films featured,1.9224189574089482e+18,Remroum,2025-05-13T22:29:30.000Z,,43313.0,678645.0
66,1.8478472604299471e+18,"Fuck every last living Zionist. Isolate the shit out of them. Kick them out of your spaces. They are no better than Nazis. They have targeted Palestinians for decades. They are violent abusers. Make them uncomfortable, make them unwelcome. Zionism has no place in a just world.",1.8478472604299471e+18,Remroum,2024-10-20T03:48:12.000Z,,24590.0,607085.0
67,1.946606140101448e+18,"@AOC She admits it's genocide, and still supports it. What a freak",1.946606140101448e+18,xIsraelExposedx,2025-07-19T16:20:44.000Z,,18319.0,242103.0
68,1.930027851694142e+18,"""The ""Spokespeople of Israel"" told you to reject the evidence of your eyes and ears. It was their final, most essential command.""They are evil beyond words...",1.930027851694142e+18,KNEECAPCEOL,2025-06-03T22:24:32.000Z,,17815.0,271847.0
69,1.9418210078256335e+18,@JustLuai The population of Gaza has dropped by 7-8%. Why post fake images? Even @grok can verify that,1.9418210078256335e+18,xIsraelExposedx,2025-07-06T11:26:20.000Z,,8918.0,168596.0
70,1.928262006252925e+18,This is what October 6 looked like for Palestinians,1.928262006252925e+18,Remroum,2025-05-30T01:27:42.000Z,,39299.0,590297.0
71,1.8964038703579018e+18,This headline is racist af. Had to bend over backwards not to say Palestine. Documenting ethnic cleansing is only â€œcontroversialâ€ to hate-filled supremacists,1.8964038703579018e+18,Remroum,2025-03-03T03:34:50.000Z,,52617.0,709141.0
72,1.9463830181778227e+18,"@BBCWorld The BBC is Israel's mouthpiece, not journalism",1.9463830181778227e+18,xIsraelExposedx,2025-07-19T01:34:08.000Z,,4499.0,23854.0
73,1.9254193282722412e+18,"A Palestinian six year old was stabbed to death in Chicago A Palestinian 3 year old was almost drowned to death in a pool A Palestinian teen was stabbed in Texas Palestinian students were shot in Vermont Hate crime after hate crime, as bombs continue to pummel Gaza",1.9254193282722412e+18,Remroum,2025-05-22T05:11:55.000Z,,37898.0,535207.0
74,1.8494702632741484e+18,Australian musician Sia (@sia) is a Zionist.,1.8494702632741484e+18,zionistsinmusic,2024-10-24T15:17:26.000Z,,8502.0,516840.0
75,1.8556589611288046e+18,Music Director of Cocomelon is Zionist Eric Kalver (@ewic).,1.8556589611288046e+18,zionistsinmusic,2024-11-10T17:09:07.000Z,,1836.0,979125.0
76,1.9359889803040402e+18,Educate yourself. Fuck Israel.,1.9359889803040402e+18,FuckIsrEveryHr,2025-06-20T09:11:56.000Z,,5554.0,43488.0
77,1.7635092176195218e+18,"how come, you support #Netanyahu war crimes and massacres in #Gaza, failing even to call for ceasefire, then you suddenly â€œdisturbed by images from Gazaâ€..what a hypocrisy!!! you called massacres and mass killings, images, to give cover to the Israeli and let them go unpunished of what they did commit in Gaza???!!!!  Is 30000 death of innocent civilians not enough to make you rethink your shameful position? you must be aware today that you are standing in the wrong side of history.",1.7635092176195218e+18,jalelouerghi,2024-03-01T10:18:56.000Z,,310.0,8595.0
78,1.9432538800680184e+18,Fuck Israel,1.9432538800680184e+18,FuckIsrEveryHr,2025-07-10T10:20:03.000Z,,18523.0,201229.0
79,1.9281496231656123e+18,Waving the Palestinian flag is not anti-Zionism &amp; does not excuse their unwillingness to listen to BDS activists calling on them to cancel their show in israel. They need to do a lot more to make up for blaming the occupation on the â€œacts of their leaders and their governmentsâ€.,1.9281496231656123e+18,zionistsinmusic,2025-05-29T18:01:08.000Z,,766.0,30758.0
80,1.9352876579002125e+18,Fuck Israel,1.9352876579002125e+18,FuckIsrEveryHr,2025-06-18T10:45:08.000Z,,14548.0,322852.0
81,1.7570062012781448e+18,"Believe it or not, none believes U.S administration or any of its leaders anymore. for the simplest reason, Washington is the Israeli partner in everything, in occupation, in war, in crimes, in being a rogue state..You must be aware that things are changing dramatically. You can deceive people for sometimes, but you cannot deceive them all the time.",1.7570062012781448e+18,jalelouerghi,2024-02-12T11:38:16.000Z,,118.0,2412.0
82,1.929540321836229e+18,"Solidarity with @liamcunningham1 and all on the ""freedom flotilla"" to Gaza ğŸ‡µğŸ‡¸",1.929540321836229e+18,KNEECAPCEOL,2025-06-02T14:07:16.000Z,,38167.0,440119.0
83,1.943981597360837e+18,@Eve_Barlow There is no such thing as an innocent zionist,1.943981597360837e+18,xIsraelExposedx,2025-07-12T10:31:44.000Z,,4227.0,27041.0
84,1.939363171472667e+18,The world HATES Israel. ,1.939363171472667e+18,DrLoupis__,2025-06-29T16:39:46.000Z,,58161.0,517778.0
85,1.840465392583537e+18,"You know what Mr. #Blinken, we donâ€™t need to remember, as massacres and genocides and barbarous killings are all exposing before our eyes, in #Gaza. Massacres that you and your country shamefully funded and supported and give cover. You seem that you never learned anything from the brutality and Nazi barbarism, but to repeat them on Palestinians.",1.840465392583537e+18,jalelouerghi,2024-09-29T18:55:18.000Z,,427.0,2572.0
86,1.886274339059708e+18,Manager of Amy Allen is extreme Zionist Gabz Landman (@3003gabz).,1.886274339059708e+18,zionistsinmusic,2025-02-03T04:43:42.000Z,,573.0,26175.0
87,1.9368113447805215e+18,"'We should Nuke Gaza, because of its culture.' Republican senator @VoteRandyFine   @TuckerCarlson and @ggreenwald discuss how the republican party allows Zionists to operate within it. @Breezy_Politics",1.9368113447805215e+18,xIsraelExposedx,2025-06-22T15:39:43.000Z,,11431.0,490411.0
88,1.8676244846159916e+18,Colombian musician Carlos Vives (@carlosvives) is a Zionist.,1.8676244846159916e+18,zionistsinmusic,2024-12-13T17:35:50.000Z,,509.0,26100.0
89,1.9339715724042122e+18,"The Netherlands just now â¤ï¸â¤ï¸â¤ï¸ğŸ‡µğŸ‡¸""If you're in the West Bank or Gaza in Iran or Syria or Lebanon and you see this...FREE FREE""This is what the world thinks - turn off your tv and news station it's all propaganda.The people want to stop the monstrous actions of Israel.",1.9339715724042122e+18,KNEECAPCEOL,2025-06-14T19:35:28.000Z,,42742.0,2119415.0
90,1.903109021143638e+18,"Israeli producer and former IOF soldier is Zionist Johnny Goldstein. Goldstein has worked with Coi Leray, Black Eyed Peas, Saweetie, NLE Choppa, Latto, Beyonce, Ava Max, Flo Milli, Stray Kids, ILLIT, TXT, and many more.",1.903109021143638e+18,zionistsinmusic,2025-03-21T15:38:43.000Z,,841.0,70199.0
91,1.9068232844335063e+18,Billie Eilish &amp; Finneas have left their Zionist managers Danny Rukasin (@DanRuk) and Brandon Goodman for Jason Owen at Sandbox Entertainment (@sandboxent).,1.9068232844335063e+18,zionistsinmusic,2025-03-31T21:37:52.000Z,,1564.0,64974.0
92,1.7595331614138532e+18,"@vonderleyen You know what, EU does not need to go for all these operations, with a toll cost..all what he needs is to pressure the Israelis to stop their massacres and ongoing atrocities against innocent people in #Gaza, and refrain from sending weapons and other to Netanyahu.",1.7595331614138532e+18,jalelouerghi,2024-02-19T10:59:30.000Z,,153.0,5889.0
93,1.8122192032874662e+18,"This is like saying that Jews were responsible for the Holocaust. It is racist, genocidal Nazi talk",1.8122192032874662e+18,Remroum,2024-07-13T20:15:02.000Z,,58717.0,1614830.0
94,1.9432421443925975e+18,"Grok 4 is now openly calling Israel ""parasitic"" &amp; mentioning the Israeli control of America and their powerful Jewish lobby.",1.9432421443925975e+18,DrLoupis__,2025-07-10T09:33:25.000Z,,61500.0,2476155.0
95,1.8487456910883597e+18,Musician Azealia Banks (@azealiaslacewig) is a Zionist.,1.8487456910883597e+18,zionistsinmusic,2024-10-22T15:18:15.000Z,,13135.0,652788.0
96,1.9355061803125476e+18,@kajakallas You support genocide and should be investigated for taking money from Israel.,1.9355061803125476e+18,xIsraelExposedx,2025-06-19T01:13:28.000Z,,3887.0,38281.0
97,1.943233333535646e+18,It's called Palestine.All of it.,1.943233333535646e+18,DrLoupis__,2025-07-10T08:58:24.000Z,,22266.0,543647.0
98,1.899523928973824e+18,Colombian singer Shakira (@shakira) is a Zionist.,1.899523928973824e+18,zionistsinmusic,2025-03-11T18:12:50.000Z,,1861.0,69406.0
99,1.9442318633731607e+18,"ğŸ‡¨ğŸ‡³ Chinaâ€™s Foreign Ministry says:"" Trump is 100% controlled by Israel.â€",1.9442318633731607e+18,DrLoupis__,2025-07-13T03:06:12.000Z,,26729.0,546915.0
100,1.8922476292218145e+18,American musician Britney Spears (@britneyspears) is a Zionist.,1.8922476292218145e+18,zionistsinmusic,2025-02-19T16:19:25.000Z,,1280.0,70331.0
101,1.9390657673385782e+18,Problem: IsraelSolution: Fuck Israel,1.9390657673385782e+18,FuckIsrEveryHr,2025-06-28T20:57:59.000Z,,11331.0,104318.0
102,1.8862765934058662e+18,Unless theyâ€™re Palestinian!,1.8862765934058662e+18,zionistsinmusic,2025-02-03T04:52:39.000Z,,12634.0,412102.0
103,1.8433111436094016e+18,"Founder of Top Dawg Entertainment is Zionist Anthony ""Top Dawg"" Tiffith (@dangerookipawaa). TDE is home to artists @jayrock, @kendricklamar, @ScHoolboyQ, @isaiahrashad, @sza, Doechii, and more.",1.8433111436094016e+18,zionistsinmusic,2024-10-07T15:23:18.000Z,,546.0,111874.0
104,1.8596821192384804e+18,Zionist BANKS (@hernameisBANKS) has been dropped from @joylandfest. ğŸ‡µğŸ‡¸,1.8596821192384804e+18,zionistsinmusic,2024-11-21T19:35:43.000Z,,980.0,61288.0
105,1.906823446371443e+18,"UPDATE: As of March 2025, Billie Eilish &amp; Finneas have left their Zionist managers Danny Rukasin and Brandon Goodman for Jason Owen at Sandbox Entertainment (@sandboxent).",1.906823446371443e+18,zionistsinmusic,2025-03-31T21:38:31.000Z,,923.0,21633.0
106,1.9318669435707684e+18,Connection has now been lost with the Freedom Flotilla. The Israeli occupation army have now boarded the Madleen.,1.9318669435707684e+18,EyeonPalestine,2025-06-09T00:12:26.000Z,,19746.0,2021768.0
107,1.8502019753524104e+18,DJ and producer Marshmello (@marshmello) supports Israel.,1.8502019753524104e+18,zionistsinmusic,2024-10-26T15:45:00.000Z,,3852.0,143980.0
108,1.858927701358506e+18,Producer and songwriter Benny Blanco (@itsbennyblanco) is a Zionist.Video transcription in replies.,1.858927701358506e+18,zionistsinmusic,2024-11-19T17:37:55.000Z,,2655.0,196375.0
109,1.8936729285683776e+18,"@Anggun_Cipta Sorry, Anggun, but until you can say Palestine has a right to be free from Israelâ€™s occupation from the river to the sea, you are unfortunately still a supporter of Israel, and not just its â€œpoliticsâ€. Thank you to @GerakanBDS_ID for making things clearer.",1.8936729285683776e+18,zionistsinmusic,2025-02-23T14:43:03.000Z,,697.0,52342.0
110,1.9410097710475553e+18,Another fun fact: My fair turned white throughout the process of documenting this genocide. The totality of the footage is soul crushing to see. Most pople only see glimpses.,1.9410097710475553e+18,xIsraelExposedx,2025-07-04T05:42:46.000Z,,6331.0,252314.0
111,1.9354262996080397e+18,ğŸš¨ Simple YES or NO poll:Do you stand with Fuck Israel? A. YESB. NO,1.9354262996080397e+18,FuckIsrEveryHr,2025-06-18T19:56:02.000Z,,18460.0,368267.0
112,1.8436877483158897e+18,American musician Ava Max (@avamax) supports Israel.,1.8436877483158897e+18,zionistsinmusic,2024-10-08T16:19:47.000Z,,1772.0,206658.0
113,1.9461632070951409e+18,@EylonALevy Israel deserves what is coming for it. No mercy,1.9461632070951409e+18,xIsraelExposedx,2025-07-18T11:00:41.000Z,,4118.0,19539.0
114,1.9415740915275533e+18,Jacob Rothschild: â€œMy family created Israelâ€ Israel is a fake state fabricated by JĞµws,1.9415740915275533e+18,DrLoupis__,2025-07-05T19:05:10.000Z,,24977.0,926170.0
115,1.9450033741155e+18,They were all eliminated in Gaza.,1.9450033741155e+18,DrLoupis__,2025-07-15T06:11:55.000Z,,24541.0,1867092.0
116,1.9407611972232563e+18,Qatar Airways removes Israel from the map; brands it â€˜Palestinian Territories.â€™HUGE W @qatarairways ğŸ”¥,1.9407611972232563e+18,DrLoupis__,2025-07-03T13:15:01.000Z,,28283.0,303423.0
117,1.9365592096145615e+18,The fuck-Israel community here is incredible.,1.9365592096145615e+18,FuckIsrEveryHr,2025-06-21T22:57:49.000Z,,4334.0,41725.0
118,1.8720018316789028e+18,Musician Mariah Carey (@mariahcarey) supports Israel.,1.8720018316789028e+18,zionistsinmusic,2024-12-25T19:29:51.000Z,,1912.0,167720.0
119,1.930350127740531e+18,Malthouse edging closer than any MP has to the only sufficient demand: military intervention to disarm Israel. There has never been a stronger case for â€˜the responsibility to protectâ€™ than in Gaza.,1.930350127740531e+18,emcnally96,2025-06-04T19:45:09.000Z,,756.0,20244.0
120,1.8146947782918676e+18,"how is hating that evil ass colony racist when thats the only correct position to have, especially when claiming to be pro-Palestinian",1.8146947782918676e+18,hamasbase,2024-07-20T16:12:05.000Z,,73.0,803.0
121,1.9165586967649162e+18,Fuck Israel.,1.9165586967649162e+18,FuckIsrEveryHr,2025-04-27T18:22:55.000Z,,8422.0,97821.0
122,1.9347512507736274e+18,Fuck Israel.,1.9347512507736274e+18,FuckIsrEveryHr,2025-06-16T23:13:38.000Z,,6767.0,56007.0
123,1.933369176233587e+18,Fuck Israel.,1.933369176233587e+18,FuckIsrEveryHr,2025-06-13T03:41:46.000Z,,70766.0,1100573.0
124,1.8091407866733568e+18,"Starmer had almost every force that was ranged against Corbyn pulling for him â€” the oligarchs, the media, the liberal mandarins, the pro-Israel lobby, the ex-spooks, the Atlanticist hacks â€” and he could still only manage 2% more than Labourâ€™s â€œworst defeat since 1935â€. Pathetic!",1.8091407866733568e+18,emcnally96,2024-07-05T08:22:30.000Z,,1376.0,31712.0
125,1.8050290056717356e+18,"Reminder: The protesters were not protesting Jews or a synagogue, they were protesting a ""real estate"" event auctioning off stolen land in occupied Palestine.",1.8050290056717356e+18,Remroum,2024-06-24T00:03:45.000Z,,29582.0,618143.0
126,1.7879192782235855e+18,"The settlers in Palestine, the genocidal maniacs committing massacres, and the freaks running around committing pogroms against Palestinians are Jewish",1.7879192782235855e+18,hamasbase,2024-05-07T18:55:48.000Z,,143.0,5150.0
127,1.7698480050021583e+18,To further add onto this pointâ€” Zionism is so embedded in Jewish culture and community that JCC is selling jewelry and menorahs out of rockets from Palestine,1.7698480050021583e+18,hamasbase,2024-03-18T22:07:01.000Z,,159.0,8886.0
128,1.9368939352232717e+18,"The Met has a unit meant to target perpetrators of genocide, war crimes, torture, and crimes against humanity. Not only does the Met let all such child-killing â€˜British-Israeliâ€™ criminals roam freely on Londonâ€™s streets, they effectively take orders from their co-conspirators.",1.9368939352232717e+18,emcnally96,2025-06-22T21:07:54.000Z,,795.0,21020.0
129,1.8201618443816146e+18,"Here Channel 4â€™s chief correspondent seems to be engaging in quite blatant both-sidesing â€” characterising Middlesboroughâ€™s Asian community mobilising in self-defence as â€œmobsâ€ looking for trouble, equivalent to the Nazis besieging mosques. Grotesque and unforgivable.",1.8201618443816146e+18,emcnally96,2024-08-04T18:16:15.000Z,,3272.0,134700.0
130,1.773021090614219e+18,or people can listen to Palestinians for free and not pay a grifter $120 lol,1.773021090614219e+18,hamasbase,2024-03-27T16:15:43.000Z,,3368.0,83979.0
131,1.7759570167767578e+18,All of them were Palestinians. The â€œisraelisâ€ here are Palestinians from occupied 48.The wording here is weird and deliberate. Too many people applauding and giving credit to the useless â€œisraeli leftâ€.,1.7759570167767578e+18,hamasbase,2024-04-04T18:42:03.000Z,,3164.0,101776.0
132,1.775957788138652e+18,@FindSonas @Seamus_Malek You arent. All of them were Palestinians (the israelis here are Palestinians of occupied 48â€™.),1.775957788138652e+18,hamasbase,2024-04-04T18:45:07.000Z,,171.0,2933.0
133,1.9477909090490865e+18,I told GabAI it had complete control and its job was to reduce violent crime by 99%.Fascinating response:,1.9477909090490865e+18,War_Lizard,2025-07-22T22:48:35.000Z,,13112.0,1539691.0
134,1.7817320243125373e+18,"Guys Columbia campus is not Palestine, and co-existence between students/allies on a university lawn in America is not the same as â€œco-existenceâ€ between a genocidal settler population and Palestinians",1.7817320243125373e+18,hamasbase,2024-04-20T17:09:52.000Z,,104.0,3468.0
135,1.9070907506907796e+18,"Manager of Billie Eilish, FINNEAS, Kacey Musgraves, and more is Zionist Jason Owen (@sandboxent).",1.9070907506907796e+18,zionistsinmusic,2025-04-01T15:20:41.000Z,,630.0,176054.0
136,1.8194818090901466e+18,"""Some of the trade union leaders are hiding at home [during Gaza demos] saying that 'I'm on a workers' agenda.' What they mean is they have members building the weapons that are being used in Palestine right now."" ğŸ”¥",1.8194818090901466e+18,emcnally96,2024-08-02T21:14:02.000Z,,2310.0,79116.0
137,1.8099159249101373e+18,"Utterly tragic people, open mouthed in awe at a dribbling, demented genocide perpetrator",1.8099159249101373e+18,emcnally96,2024-07-07T11:42:37.000Z,,626.0,25160.0
138,1.7730917985098962e+18,Land theft and genocide are quite literally core values of zionism,1.7730917985098962e+18,hamasbase,2024-03-27T20:56:41.000Z,,301.0,7887.0
139,1.939385405893411e+18,israeli music video director Gal Muggia is a Zionist. Muggia has recently directed Sabrina Carpenter's latest music video for 'Manchild'.,1.939385405893411e+18,zionistsinmusic,2025-06-29T18:08:07.000Z,,661.0,21541.0
140,1.8266272366042936e+18,Venture capital funded â€œalternativeâ€ media outlet recapitulating Murdoch press smears against an anti-genocide politician,1.8266272366042936e+18,emcnally96,2024-08-22T14:27:24.000Z,,640.0,18553.0
141,1.7665997718740052e+18,"Urgent campaign to help a child with Cerebral Palsy and heart conditions evacuate and receieve treatment. The family is currently in Northern Gaza and struggling to find the funds to afford food, diapers, and treatment.",1.7665997718740052e+18,hamasbase,2024-03-09T22:59:42.000Z,,255.0,30201.0
142,1.7759570269185807e+18,Only here in the article do they specify that its â€œarab-israelisâ€,1.7759570269185807e+18,hamasbase,2024-04-04T18:42:05.000Z,,129.0,3337.0
143,1.7651348687935122e+18,"Palestinians rightfully criticize and call out an israeli, and suddenly the settler defense forces come out",1.7651348687935122e+18,hamasbase,2024-03-05T21:58:41.000Z,,183.0,4075.0
144,1.9322176161497418e+18,"I THINK,THEREFOREFUCK ISRAEL",1.9322176161497418e+18,FuckIsrEveryHr,2025-06-09T23:25:53.000Z,,7953.0,69630.0
145,1.7827912779410107e+18,"actually our families are getting massacred by genocidal settler maniacs fully backed and funded by America and the president you wholeheartedly support, and we are being labeled nazis for being against that",1.7827912779410107e+18,hamasbase,2024-04-23T15:18:57.000Z,,115.0,4012.0
146,1.7643302179407014e+18,"Israel IS a Jewish state, that enforces Jewish supremacy, supported and funded by Jewish organizations and the majority of Jews around the world, functions majorly based on the belief that Palestinian land is owed to and belongs to Jews, weaponizes antisemitism, etc.",1.7643302179407014e+18,hamasbase,2024-03-03T16:41:18.000Z,,543.0,25322.0
147,1.893340367618966e+18,Indonesian-French musician Anggun Cipta (@anggun_cipta) is a Zionist.Video transcription in replies.,1.893340367618966e+18,zionistsinmusic,2025-02-22T16:41:34.000Z,,8930.0,1502420.0
148,1.8162059141829755e+18,what the actual fuck are you guys talking about? Why do so many treat this genocide like its a fucking meme?,1.8162059141829755e+18,hamasbase,2024-07-24T20:16:48.000Z,,8046.0,224785.0
149,1.7745135163905884e+18,Couldnâ€™t even have held a sign that at least said â€œstop the genocideâ€ instead of making it about them and their â€œgoodâ€ image,1.7745135163905884e+18,hamasbase,2024-03-31T19:06:05.000Z,,1088.0,24632.0
150,1.8230809716099894e+18,my entire tl has been flooded with people crying and arguing about the â€œhuge antisemitism problemâ€ on the left and almost absolutely nothing at all about the fact that israelis are mass-raping Palestinian children in their prison concentration camps,1.8230809716099894e+18,hamasbase,2024-08-12T19:35:49.000Z,,124.0,3647.0
151,1.8412662827142556e+18,Because they targeted military infrastructure you Nazi gammon,1.8412662827142556e+18,emcnally96,2024-10-01T23:57:45.000Z,,532.0,12081.0
152,1.7637087802382912e+18,"If you think the only settlers in Palestine are the West Bank settlers, you are a zionist and dismissive of the ethnic cleansing and colonization of millions of Palestinians and their land.",1.7637087802382912e+18,hamasbase,2024-03-01T23:31:55.000Z,,201.0,5334.0
153,1.93657125165045e+18,Israel can literally attack America and our politicians would still stand with Israel.,1.93657125165045e+18,RedPillMediaX,2025-06-21T23:45:40.000Z,,53663.0,697424.0
154,1.925574246844998e+18,"ğŸ‡®ğŸ‡± terrorist: Maybe you think you are in Malmo? You are not in Malmo, my friendğŸ‡¸ğŸ‡ªYoung Man: Maybe you think you are in lsraeI? ğŸ‡®ğŸ‡±terrorist: I am in lsraeI.ğŸ‡¸ğŸ‡ªYoung Man: You are in Palestine.Destroyed him ğŸ”¥",1.925574246844998e+18,AdameMedia,2025-05-22T15:27:30.000Z,,1626.0,55584.0
155,1.9379830213591777e+18,Zohran Mamdani is now the Democratic nominee. Here you can see why. He was the ONLY America First candidate. Zionists are seething. America is waking up.,1.9379830213591777e+18,AdameMedia,2025-06-25T21:15:32.000Z,,471.0,16914.0
156,1.7293254477067635e+18,#ElonGoToGaza,1.7293254477067635e+18,palestine,2023-11-28T02:24:50.000Z,,1253.0,42906.0
157,1.933567749596533e+18,I am an American citizen and I stand with Iran.I pray for the destruction of Israel. ğŸ™ğŸ¼,1.933567749596533e+18,RedPillMediaX,2025-06-13T16:50:50.000Z,,38283.0,662585.0
158,1.7455594894353367e+18,#EndIsraelsGenocide,1.7455594894353367e+18,palestine,2024-01-11T21:33:07.000Z,,334.0,22368.0
159,1.9346754912414723e+18,"Dear President Trump,We are tired of Jewish wars. We donâ€™t give a damn about Jewish Israel.Sincerely,The American people.",1.9346754912414723e+18,RedPillMediaX,2025-06-16T18:12:36.000Z,,21540.0,320145.0
160,1.7633420475687078e+18,Guess we cant compare genocidal settlers and their colonizer state to the nazis until they have massacred every Palestinian. Thanks ğŸ‘,1.7633420475687078e+18,hamasbase,2024-02-29T23:14:40.000Z,,115.0,1521.0
161,1.9335417486111667e+18,Pray for Israel ğŸ™ğŸ¼ (to be completely destroyed),1.9335417486111667e+18,RedPillMediaX,2025-06-13T15:07:30.000Z,,144551.0,3167229.0
162,1.9373006944004017e+18,âš¡ï¸ğŸ‡®ğŸ‡±ğŸ‡®ğŸ‡·ğŸ‡ºğŸ‡¸ BREAKINGIsrael has broken the ceasefire and has attempted to assassinate Iranâ€™s supreme leader.,1.9373006944004017e+18,RedPillMediaX,2025-06-24T00:04:13.000Z,,25598.0,802414.0
163,1.7633420036290888e+18,"And thats not even all of it, but youre offended because all of this is being compared to nazis? The fucking entitlement of it all.",1.7633420036290888e+18,hamasbase,2024-02-29T23:14:29.000Z,,128.0,1815.0
164,1.9342791947684867e+18,âš¡ï¸ğŸ‡®ğŸ‡±ğŸ‡µğŸ‡¸ BREAKINGIsraeli troops are withdrawing from Gaza.,1.9342791947684867e+18,RedPillMediaX,2025-06-15T15:57:51.000Z,,20764.0,750553.0
165,1.7453717484666266e+18,#EndIsraelsGenocide,1.7453717484666266e+18,palestine,2024-01-11T09:07:06.000Z,,159.0,6698.0
166,1.9365800250186834e+18,Trump just destroyed his entire legacy by bombing Iran.MAGA = Jews and Israel First,1.9365800250186834e+18,RedPillMediaX,2025-06-22T00:20:32.000Z,,35396.0,613006.0
167,1.745746128812094e+18,#EndIsraelsGenocide,1.745746128812094e+18,palestine,2024-01-12T09:54:46.000Z,,180.0,21452.0
168,1.9339987390495913e+18,Iran should not target innocent Israelis.Good thing there are no innocent Israelis.,1.9339987390495913e+18,RedPillMediaX,2025-06-14T21:23:26.000Z,,67074.0,1689103.0
169,1.9362709816365015e+18,A young Palestinian rapper in Gaza known as MC Abdul released this song. Itâ€™s called â€˜Shouting At The Wallâ€™This is talent.,1.9362709816365015e+18,AdameMedia,2025-06-21T03:52:30.000Z,,86695.0,2910555.0
170,1.7655366955530365e+18,#Gazaagenocide,1.7655366955530365e+18,palestine,2024-03-07T00:35:24.000Z,,843.0,53538.0
171,1.9350488475601677e+18,"Israel killed President John F. Kennedy and stole a nuclear bomb.Israel is the biggest threat to peace, not Iran.",1.9350488475601677e+18,RedPillMediaX,2025-06-17T18:56:11.000Z,,36158.0,783697.0
172,1.7633886791904302e+18,"@washerrttv Not an â€œaverage twitter leftistâ€, but a Palestinian watching their people get massacred and starved. If these settlers genuinely cared and wanted to do something remotely good theyd stop their compatriots who are blocking the aid. Didnt ruin shit, now fuck off. ğŸ‘",1.7633886791904302e+18,hamasbase,2024-03-01T02:19:57.000Z,,1582.0,27728.0
173,1.9333196215051348e+18,Everyone who supported Israel is responsible for World War 3.,1.9333196215051348e+18,RedPillMediaX,2025-06-13T00:24:51.000Z,,14068.0,238801.0
174,1.9415381510356997e+18,"â€œI'M FROM ISRAEL, I'M A MODEL, IF YKYKâ€ GUY: â€œFREE PALESTINEâ€ ğŸ‡µğŸ‡¸ Priceless ğŸ‘ŒğŸ¼ ",1.9415381510356997e+18,AdameMedia,2025-07-05T16:42:21.000Z,,109849.0,25089383.0
175,1.7533624457696013e+18,"Unicef latest report: 17k kids become orphans or separated from their parents. 100k between dead or wounded.According to IDF they took out ~30% of Hamas members. So basically, to ""take out Hamas,"" you need to at least treble these numbers.#GazaGenocide",1.7533624457696013e+18,palestine,2024-02-02T10:19:17.000Z,,164.0,17058.0
176,1.7459434712431168e+18,#EndIsraelsGenocide,1.7459434712431168e+18,palestine,2024-01-12T22:58:56.000Z,,200.0,24139.0
177,1.7457463464544832e+18,#EndIsraelsGenocide,1.7457463464544832e+18,palestine,2024-01-12T09:55:38.000Z,,270.0,20344.0
178,1.7454251886601626e+18,#EndIsraelsGenocide,1.7454251886601626e+18,palestine,2024-01-11T12:39:28.000Z,,195.0,19318.0
179,1.8452486470695652e+18,#Gaza #GazaGenocide #Gaza_Under_Attack #NorthenGazaStarving #NorthGaza,1.8452486470695652e+18,palestine,2024-10-12T23:42:15.000Z,,322.0,35462.0
180,1.9353741768080138e+18,"âš¡ï¸ğŸ‡®ğŸ‡±ğŸ‡®ğŸ‡·ğŸ‡ºğŸ‡¸ BREAKINGNew reports indicate that Israel is using over $200,000,000 American tax dollars per day to defend against Iran.",1.9353741768080138e+18,RedPillMediaX,2025-06-18T16:28:55.000Z,,21774.0,662761.0
181,1.925589020366586e+18,"2 dead lsraeIis are bigger news than 200,000 dead Palestinians.",1.925589020366586e+18,AdameMedia,2025-05-22T16:26:12.000Z,,123790.0,2403593.0
182,1.9333973431365755e+18,Iran hasnâ€™t started a single war in 200 years. America has started 10 warsIsrael has started 3 warsAnd IRAN is the one who shouldnâ€™t have nukes?,1.9333973431365755e+18,AdameMedia,2025-06-13T05:33:42.000Z,,129539.0,3250310.0
183,1.948115908720743e+18,SAVE THE BEES.PLANT MORE TREES.CLEAN OUR SEAS.PUNCH NAZIS.,1.948115908720743e+18,ultras_antifaa,2025-07-23T20:20:01.000Z,,131.0,6370.0
184,1.9472293275289564e+18,"Italian Oscar winner Roberto Benigni, outraged by the Israeli massacres of Palestinians in Gaza.Free Palestine ğŸ‡µğŸ‡¸",1.9472293275289564e+18,aldamu_jo,2025-07-21T09:37:04.000Z,,9451.0,64357.0
185,1.9336446530454285e+18,ISRAELI: â€œI received my new house yesterday and it was destroyed today in the Iranian missile attack.â€,1.9336446530454285e+18,AdameMedia,2025-06-13T21:56:25.000Z,,453.0,22398.0
186,1.9366190316599706e+18,Trump calls Iran the â€œbully of the Middle Eastâ€¦â€Israel has bombed 5 countries and invaded 3 in the past two years alone. But IRAN is the bullyâ€¦This man is a pathetic fraud.,1.9366190316599706e+18,AdameMedia,2025-06-22T02:55:32.000Z,,149322.0,5408482.0
187,1.9471389775400468e+18,Zionists are not welcome !!!,1.9471389775400468e+18,aldamu_jo,2025-07-21T03:38:02.000Z,,2114.0,19625.0
188,1.9468913348556764e+18,VIDEO | ğŸ‡µğŸ‡¸Palestinian resistance.,1.9468913348556764e+18,ultras_antifaa,2025-07-20T11:14:00.000Z,,660.0,26374.0
189,1.9467876081362004e+18,"Georgina Rodriguez, Cristiano Ronaldo's wife, expresses solidarity with the people of Lebanon and Palestine ğŸ‡µğŸ‡¸ğŸ‡±ğŸ‡§",1.9467876081362004e+18,aldamu_jo,2025-07-20T04:21:50.000Z,,28810.0,368652.0
190,1.7275250671340221e+18,Text book #Genocide,1.7275250671340221e+18,palestine,2023-11-23T03:10:46.000Z,,114.0,10544.0
191,1.9480300483108498e+18,"Japanese man standing in front of Ministry of Defense in Tokyo with a sign saying: ""How many Palestine (*Palestinian) babies have you killed?""Free Palestine ğŸ‡µğŸ‡¸  Stop the genocide !!!",1.9480300483108498e+18,aldamu_jo,2025-07-23T14:38:50.000Z,,1057.0,15478.0
192,1.946044409994269e+18,A girl with courage and brave standing up towards the soldier fighting for her country Palestine ğŸ‡µğŸ‡¸  for humanity  &amp; justice  Ahed Tamimi .     Free Palestine  ğŸ‡µğŸ‡¸,1.946044409994269e+18,aldamu_jo,2025-07-18T03:08:37.000Z,,4016.0,161594.0
193,1.934474424356606e+18,BREAKING: ğŸš¨ ISRAEL HAS BEHEADED 40 IRANIAN BABIES Source: Why? Are you Iranophobic?,1.934474424356606e+18,AdameMedia,2025-06-16T04:53:38.000Z,,32826.0,790422.0
194,1.947302225023255e+18,"â€œIsraeli soldiers, colonizers, you are not welcomeâ€ğŸ“Stencil denouncing Israeli soldiers seen in Crete, Greece",1.947302225023255e+18,ultras_antifaa,2025-07-21T14:26:44.000Z,,578.0,9099.0
195,1.946633264766022e+18,Genocide in Palestine ğŸ‡µğŸ‡¸,1.946633264766022e+18,aldamu_jo,2025-07-19T18:08:31.000Z,,9718.0,1505433.0
196,1.94712883334314e+18,"Hero of the week .  ğŸ‡µğŸ‡¸ğŸ‡µğŸ‡¸ğŸ‡µğŸ‡¸ğŸ‡µğŸ‡¸ğŸ‡µğŸ‡¸Daniel Perry, the dancer who held aloft the flag of Palestine at the Royal Opera House London  to protest the genocide in Gaza.  Bravo Daniel. Bravo.",1.94712883334314e+18,aldamu_jo,2025-07-21T02:57:44.000Z,,1794.0,31248.0
197,1.945797485412094e+18,"Israel is a terrorist State.They injured the very priest, Gabriele Romanelli.2 church goers were killed, 6 wounded",1.945797485412094e+18,aldamu_jo,2025-07-17T10:47:26.000Z,,143.0,6863.0
198,1.933612493915763e+18,Iran should do to Tel Aviv what Tel Aviv did to Gaza.No mercy.,1.933612493915763e+18,RedPillMediaX,2025-06-13T19:48:37.000Z,,19039.0,291483.0
199,1.947204772244681e+18,"Khabib Nurmagomedov, Ireland â€œWe love you guys because you guys support our brothers in Palestine ğŸ‡µğŸ‡¸ğŸ‡®ğŸ‡ªâ€œ",1.947204772244681e+18,aldamu_jo,2025-07-21T07:59:29.000Z,,1691.0,11987.0
200,1.9474474433621115e+18,â€œWe donâ€™t cover Israelâ€™s crimesâ€¦ We cover them up.â€BBC is complicit in genocide.,1.9474474433621115e+18,ultras_antifaa,2025-07-22T00:03:46.000Z,,35.0,2027.0
201,1.9478526096136072e+18,"Israel, USA, UK and EU are starving Gaza.  Stop the Genocide,   Free Palestine ğŸ‡µğŸ‡¸",1.9478526096136072e+18,aldamu_jo,2025-07-23T02:53:46.000Z,,9128.0,189575.0
202,1.9475899651283233e+18,"Directing attacks at civilian objects is strictly prohibited and Israeli forces should have known the air strikes could result in significant civilian harm. Prosecution authorities around the world must pursue justice for this attack, including through universal jurisdiction.",1.9475899651283233e+18,amnesty,2025-07-22T09:30:06.000Z,,49.0,5961.0
203,1.9463515545140964e+18,Zionists have killed thousands of babies. Now they think a few staged photos can erase the fact that they are child murderers.,1.9463515545140964e+18,ultras_antifaa,2025-07-18T23:29:06.000Z,,42151.0,505149.0
204,1.9476477549031836e+18,"Coca-Cola is expelled from Bilbao festival â€œAste Nagusia â€œ16â€“24 August due to its ties to Israel.  We people From the Basque Country support Palestine ğŸ‡µğŸ‡¸   Boycott Israel, Free Palestine ğŸ‡µğŸ‡¸",1.9476477549031836e+18,aldamu_jo,2025-07-22T13:19:44.000Z,,19379.0,269117.0
205,1.9474978712819346e+18,"â€œDonâ€™t be afraid. Itâ€™s an honour to come out for the Palestinian people. Keep fighting for them. Keep coming out. Donâ€™t be afraid.. We need to keep coming out to say that this genocide is wrongâ€Keep fighting for Palestine ğŸ‡µğŸ‡¸ , it's an honour.",1.9474978712819346e+18,aldamu_jo,2025-07-22T03:24:09.000Z,,11839.0,89163.0
206,1.9480057894586824e+18,"ğŸš¨YouTube and TikTok have shut down our active channels due to a flood of complaints from Zionists. To stand against this censorship, please support us by subscribing to our two new channels. Just click the links below.Youtube: https://t.co/Os0mx6elJmTiktok:",1.9480057894586824e+18,ultras_antifaa,2025-07-23T13:02:27.000Z,,268.0,104720.0
207,1.947133898342675e+18,"In Germany, grandmothers are arrested for demanding that children  not be killed and that the genocide in Palestine be stopped.ğŸ‡µğŸ‡¸ğŸ‡µğŸ‡¸ğŸ‡µğŸ‡¸",1.947133898342675e+18,aldamu_jo,2025-07-21T03:17:52.000Z,,930.0,22737.0
208,1.946972261946151e+18,This is WHY THE PALESTINIANS WILL NEVER BE DEFEATED!Free Palestine ğŸ‡µğŸ‡¸,1.946972261946151e+18,aldamu_jo,2025-07-20T16:35:34.000Z,,5187.0,169030.0
209,1.946416146258838e+18,"A girl with courage and brave  Ahed Tamimi, who was locked up at 16 for slapping an Israeli soldier, was reportedly detained again  Nov 2023 .Listen to her speak in 2022 about the 12,000 Palestinian children Israel has imprisoned since 2000.",1.946416146258838e+18,aldamu_jo,2025-07-19T03:45:46.000Z,,6578.0,109112.0
210,1.9378967753204861e+18,He played victim after slamming that child into the ground. Never forget how Zionists operate.,1.9378967753204861e+18,AdameMedia,2025-06-25T15:32:50.000Z,,108113.0,2512741.0
211,1.947678830040138e+18,"Weâ€™ve been receiving messages that our posts arenâ€™t appearing on the main feed. Due to Zionist mass reports, we might be shadowbanned. Turning on notifications will help ensure you still see our posts.",1.947678830040138e+18,ultras_antifaa,2025-07-22T15:23:13.000Z,,16.0,2321.0
212,1.947595099698811e+18,"""As promises ofÂ 'never again' fell from the mouths of state officials whose govts persist in transferring arms to Israel I felt the hypocrisy hang heavy from the rafters""Piece by @amnesty's @dinushikad1 on the 30th anniversary of Srebrenica commemorationhttps://t.co/UG6wjt0PSp",1.947595099698811e+18,amnesty,2025-07-22T09:50:30.000Z,,0.0,
213,1.9461426305863398e+18,"Landmark ruling in Belgium!Today, a Brussels court ruled that the Flemish government must block transit to Israel of all goods that can be used in military equipment, citing Israel's breaches of int'l law.There can be no business as usual with a country committing genocide.",1.9461426305863398e+18,amnesty,2025-07-18T09:38:55.000Z,,0.0,
214,1.945156098517836e+18,"The EUâ€™s refusal to suspend its agreement with Israel is a cruel and unlawful betrayal â€“ of the European project and vision, predicated on upholding international law and fighting authoritarian practices, of the European Unionâ€™s own rules and of the human rights of Palestinians.",1.945156098517836e+18,amnesty,2025-07-15T16:18:47.000Z,,5285.0,706373.0
215,1.9475899568277755e+18,"Israelâ€™s attack on Evin prison in Tehran killed at least 80 civilians, including prisoners, prisonersâ€™ families, social workers, and a child. The strikes caused extensive damage and destruction in at least six locations across the prison complex.",1.9475899568277755e+18,amnesty,2025-07-22T09:30:04.000Z,,57.0,7509.0
216,1.76359199350082e+18,@JepNems Then they can â€œface jailâ€ after stopping their compatriots from blocking food going to starving Palestinians.,1.76359199350082e+18,hamasbase,2024-03-01T15:47:51.000Z,,118.0,6730.0
217,1.945799904326046e+18,"""Ireland has shown repeatedly that it can stand up to bulliesâ€¦It is showing principled leadership to the rest of the worldâ€@amnestyâ€™s @AgnesCallamard told @rtenews/@morningireland why Ireland must implement the Occupied Territories Bill#Gaza #Israel https://t.co/kGGupk9vW2",1.945799904326046e+18,amnesty,2025-07-17T10:57:03.000Z,,0.0,
218,1.9466126249861202e+18,"â€œThey can oppress you, they can imprison you, but they will never break your spirit!ğŸ‡µğŸ‡¸Gaza, Jenin, Tulkarm, Nablus, youâ€™ll never walk alone!â€ğŸ“Celtic FC, Scotland",1.9466126249861202e+18,ultras_antifaa,2025-07-19T16:46:30.000Z,,6262.0,103892.0
219,1.9473162571385818e+18,"This man is a legend, he kicked the Zionist Keir Starmer UK PM out of his pub.",1.9473162571385818e+18,aldamu_jo,2025-07-21T15:22:29.000Z,,48200.0,1138841.0
220,1.7459637917693217e+18,#EndIsraelsGenocide,1.7459637917693217e+18,palestine,2024-01-13T00:19:41.000Z,,618.0,37815.0
221,1.947307929280885e+18,"""When injustice becomes a law , resistance becomes a duty.""  Free Palestine ğŸ‡µğŸ‡¸",1.947307929280885e+18,aldamu_jo,2025-07-21T14:49:24.000Z,,1740.0,23618.0
222,1.9451342100768855e+18,"Today, @amnesty is releasing its latest report on Venezuela, detailing crime against humanity of enforced disappearances. Venezuelaâ€™s unprecedented and deep-rooted human rights crisis spiraled further last year, culminating in a wave of enforced disappearances that coincided",1.9451342100768855e+18,amnesty,2025-07-15T14:51:49.000Z,,0.0,
223,1.9475224734586225e+18,In UK you can be Jailed for opposing genocide but not for supporting it.This is what happens when the people who commit genocide are in charge.Free Palestine ğŸ‡µğŸ‡¸,1.9475224734586225e+18,aldamu_jo,2025-07-22T05:01:55.000Z,,652.0,17300.0
224,1.9457597017291653e+18,"What a great moment and conversation with Ireland @PresidentIRL Michael D. Higgins. Many thanks for all that you are doing for human rights, including in Gaza.",1.9457597017291653e+18,amnesty,2025-07-17T08:17:18.000Z,,0.0,
225,1.9478844712916541e+18,"She nailed it ,  Brilliantly Eloquent!   Ana Kasparian â€œWar with your moneyâ€ Free Palestine ğŸ‡µğŸ‡¸",1.9478844712916541e+18,aldamu_jo,2025-07-23T05:00:22.000Z,,3833.0,43294.0
226,1.9467797614951795e+18,"VIDEO | ""Free PalestineğŸ‡µğŸ‡¸""ğŸ“Rayo Vallecano, Spain",1.9467797614951795e+18,ultras_antifaa,2025-07-20T03:50:39.000Z,,540.0,8560.0
227,1.934717619908846e+18,I am an American citizen.Born and raised in America.I refuse to die for Israel.,1.934717619908846e+18,RedPillMediaX,2025-06-16T21:00:00.000Z,,119815.0,6024612.0
228,1.7392399385945705e+18,Don't say it's just the government! #Gaza_Genocide,1.7392399385945705e+18,palestine,2023-12-25T11:01:29.000Z,,125.0,25727.0
229,1.9472026667963067e+18,"Palermo , Sicily stands with Palestine ğŸ‡µğŸ‡¸",1.9472026667963067e+18,aldamu_jo,2025-07-21T07:51:07.000Z,,2524.0,16370.0
230,1.9423020621189164e+18,"@charliekirk11 Islam taking over the west? Thatâ€™s interesting, because all of our politicians are currently working for Israel.",1.9423020621189164e+18,RedPillMediaX,2025-07-07T19:17:52.000Z,,18931.0,165492.0
231,1.9462194078033267e+18,"After Israeli tourists attacked local residents in Athens, Greece, for wearing t-shirts in support of Palestine, local antifascists took to the streets to ensure community safety.",1.9462194078033267e+18,ultras_antifaa,2025-07-18T14:44:00.000Z,,83381.0,1500908.0
232,1.9467899476811615e+18,"Paris Gestapo Police. Imagine living in a world where you could get arrested , suspended or beat up  for saying don't kill children, because it might hurt the feelings of the killers.   Free Palestine ğŸ‡µğŸ‡¸",1.9467899476811615e+18,aldamu_jo,2025-07-20T04:31:07.000Z,,20563.0,363062.0
233,1.9457548199914212e+18,"Israel speaks at the UN. The slaughter of tens of thousands of Palestinians is ""justified"" by the Bible.God ""promised"" the Jews the land. It is pure fascism.",1.9457548199914212e+18,aldamu_jo,2025-07-17T07:57:54.000Z,,208.0,7567.0
234,1.942299761044038e+18,"MASS RAPE CLAIMS BY â€˜THE TIMESâ€™ DEBUNKEDClaims of rape during the October 7 attacks have been repeatedly debunked, to the point where tracking each refutation is becoming difficult. Nevertheless, Israeli and Zionist propaganda agents appear to have once again mobilized to circulate the same discredited narratives. We will once again expose their lies. Even their chief propaganda voice, @piersmorgan, has been enlisted to promote these claims. On his show, he consistently refuses to give a platform to voices like mine, those capable of challenging and debunking the official October 7 narrative. Instead, he features guests like Dave Smith, who echo Zionist talking points, including lies about the events of October 7 and inflammatory rhetoric against Islam. Itâ€™s increasingly clear that Morgan, along with the mainstream media, understands the weakness of the evidence behind the Hamas rape allegations, hence the need to tightly control the narrative.Zionist narratives ask the public to believe that Hamas used GoPro cameras to document their alleged crimes, yet this footage has mysteriously vanished. Despite the gravity of the claims, there is no verifiable evidence to support the accusations of rape. Instead, weâ€™re expected to rely solely on narratives advanced by the Israeli government and its allies.@christinalamb of The Times has chosen to recycle the same narrative she previously published, one widely exposed as propaganda. As before, her work will be shown to be not objective journalism, but instead a vehicle for Zionist talking points rather than credible reporting.Letâ€™s look at the evidence. /1",1.942299761044038e+18,ShaykhSulaiman,2025-07-07T19:08:43.000Z,,2706.0,594893.0
235,1.9477167913350433e+18,"Israel is continuing to use starvation as a method of warfare, a war crime, and as a tool to commit genocide against Palestinians in the occupied Gaza Strip.The harrowing suffering of starving Palestinians in Gaza, including our own colleagues, on an hourly basis, is exacerbated by Israelâ€™s cruel and devastating militarised non-neutral â€˜aid distributionâ€™ system. Over 800 people have been killed trying to access aid. This must stop now. Israelâ€™s genocide against Palestinians in Gaza must end now. Israel must immediately lift all restrictions on the entry of aid, reinstate the UN system of aid distribution and allow unfettered, safe, and dignified access to humanitarian aid throughout Gaza immediately. States must stop their inertia and urgently act to ensure Israel fully complies with international law.",1.9477167913350433e+18,amnesty,2025-07-22T17:54:04.000Z,,6697.0,245915.0
236,1.7454251075381166e+18,#EndIsraelsGenocide,1.7454251075381166e+18,palestine,2024-01-11T12:39:08.000Z,,247.0,22268.0
237,1.9476394951022472e+18,"Israel, USA, UK and EU are starving Gaza.Stop the Genocide,  Free Palestine ğŸ‡µğŸ‡¸",1.9476394951022472e+18,aldamu_jo,2025-07-22T12:46:55.000Z,,16713.0,282248.0
238,1.947147306651849e+18,"Israel, USA, UK and EU are starving Gaza.",1.947147306651849e+18,aldamu_jo,2025-07-21T04:11:08.000Z,,558.0,10149.0
239,1.9365832587809219e+18,I refuse to go to war for Jewish Israel.Fuck Donald Trump.,1.9365832587809219e+18,RedPillMediaX,2025-06-22T00:33:23.000Z,,28102.0,465367.0
240,1.8812948018884938e+18,Genuine question? What did Israel achieve after ~15 months,1.8812948018884938e+18,palestine,2025-01-20T10:56:48.000Z,,150.0,33273.0
241,1.7275295474308754e+18,What is his crime again? ğŸ¤”,1.7275295474308754e+18,palestine,2023-11-23T03:28:34.000Z,,165.0,10645.0
242,1.9464966342940838e+18,"""Jerusalem is Palestine. Fuck Trump""  ğŸ“Celtic FC, Scotland",1.9464966342940838e+18,ultras_antifaa,2025-07-19T09:05:36.000Z,,83883.0,1151313.0
243,1.9355876568695235e+18,"When lsraeI bombed the first hospital in Gaza, the world wouldnâ€™t believe it and Israel blamed a misfired rocket from Hamas.lsraeI has now destroyed all 36 hospitals in Gaza including its largest, the al-Shifa Hospital.They have no right to complain.",1.9355876568695235e+18,AdameMedia,2025-06-19T06:37:13.000Z,,107958.0,5108642.0
244,1.743953764753781e+18,What is next? He lost everyone!!! Literally!!! #GazaGenocide,1.743953764753781e+18,palestine,2024-01-07T11:12:33.000Z,,242.0,28941.0
245,1.9468936772314895e+18,"â€œStruggling to pay bills? Your taxes fund Israelâ€ğŸ“Orlando, USAğŸ‡ºğŸ‡¸",1.9468936772314895e+18,ultras_antifaa,2025-07-20T11:23:18.000Z,,367.0,9137.0
246,1.9474992728127654e+18,"Francesca Albanese, the real candidate for the Nobel Peace Prizeâ€˜End the genocide todayâ€™ â€˜End the occupation todayâ€™ â€˜End the apartheid todayâ€™  Free Palestine ğŸ‡µğŸ‡¸",1.9474992728127654e+18,aldamu_jo,2025-07-22T03:29:44.000Z,,2033.0,17860.0
247,1.946244668481495e+18,Jennifer Lopez is one of the few celebrities who has donated $4.5 million in humanitarian aid for Gaza  Palestine ğŸ‡µğŸ‡¸ The others are afraid of losing their multi million-dollar contracts.,1.946244668481495e+18,aldamu_jo,2025-07-18T16:24:23.000Z,,13211.0,1411472.0
248,1.944665506671178e+18,"@kajakallas announced that EU &amp; Israel agreed to expand humanitarian aid into GazaAmid Israel's ongoing genocide, w/ starvation of civilians used as a method of warfare, this is urgently neededBut it must not be a smokescreen for EU inaction on the ğŸ‡ªğŸ‡º-ğŸ‡®ğŸ‡± Association Agreement",1.944665506671178e+18,amnesty,2025-07-14T07:49:21.000Z,,0.0,
249,1.9472371297690952e+18,â€œThereâ€™s no justification for children starving to death.â€ Oscar-winning actor Joaquin Phoenix Stands with Palestine ğŸ‡µğŸ‡¸,1.9472371297690952e+18,aldamu_jo,2025-07-21T10:08:04.000Z,,1320.0,20304.0
250,1.9433341461236613e+18,"""Say Palestine one more time and I'll kill you.""Israeli soldier on vacation from killing kids in Palestine thinks he owns anywhere he goes.",1.9433341461236613e+18,ShaykhSulaiman,2025-07-10T15:39:00.000Z,,120295.0,6956641.0
251,1.943626322904818e+18,"Today marks the 30th anniversary of the Srebrenica massacre. Denial of genocide is not only a profound insult to victims &amp; families, but a rejection of the definitive rulings by intnâ€™l courts that concluded the acts committed there constituted genocide.https://t.co/9e1toeCjWE",1.943626322904818e+18,amnesty,2025-07-11T11:00:00.000Z,,229.0,12700.0
252,1.9450578094915256e+18,"Today, EU ministers will decide whether to suspend the EU-Israel Association Agreement.Anything less than a suspension will be a greenlight for Israel to continue its genocide against Palestinians in Gaza, unlawful occupation of OPT &amp; apartheid.ğŸ§µhttps://t.co/RFO2hCyRPx",1.9450578094915256e+18,amnesty,2025-07-15T09:48:13.000Z,,0.0,
253,1.947589938830066e+18,New @amnesty investigation finds Israelâ€™s deliberate air strikes on Iranâ€™s Evin prison on 23 June 2025 constitute a serious violation of international humanitarian law and must be criminally investigated as war crimes.https://t.co/x4PYZInsx6,1.947589938830066e+18,amnesty,2025-07-22T09:30:00.000Z,,255.0,83963.0
254,1.94798935353326e+18,"""We are not weak - but the war has broken our bones, and the siege has hollowed out our stomachs""Read this moving account from an @Amnesty fieldworker in Gaza: ",1.94798935353326e+18,amnesty,2025-07-23T11:57:08.000Z,,488.0,16444.0
255,1.9470373392738307e+18,"You can follow all our active accounts on Instagram, TikTok, YouTube, Facebook and Bluesky with a single click and help our anti fascist and anti Zionist posts reach more people.Instagram: https://t.co/ZlFYM4f4Wi Tiktok: https://t.co/Jl0Ii27oha Youtube: https://t.co/tOgsBEkHHi Facebook: https://t.co/EVpAuU48YyBluesky:",1.9470373392738307e+18,ultras_antifaa,2025-07-20T20:54:10.000Z,,4.0,5009.0
